{"th":2.3766103,"he":2.0548491,"in":1.852499,"er":2.608099,"an":1.5587333,"re":1.239244,"on":1.1749022,"at":1.3477058,"en":1.4341519,"nd":0.90372956,"ti":0.8972453,"es":1.5180488,"or":1.3387808,"te":0.8052142,"of":0.7852358,"ed":0.7806567,"is":1.1217327,"it":1.647929,"al":1.0792903,"ar":1.1765629,"st":0.929581,"to":0.6958783,"nt":0.7025581,"ng":0.6368997,"se":0.6229321,"ha":0.6186877,"as":0.7278538,"ou":0.58854437,"io":0.61662865,"le":0.55419046,"ve":0.5515349,"co":0.64174485,"me":0.5299662,"de":1.2917848,"hi":0.511472,"ri":0.4862676,"ro":0.48566985,"ic":0.46694613,"ne":0.46227792,"ea":0.45990077,"ra":0.45820844,"ce":0.75431013,"li":0.41725448,"ch":0.40030774,"ll":0.3853224,"be":0.4032236,"ma":0.3777694,"si":0.3676032,"om":0.3650634,"ur":0.36271828,"ca":0.359655,"el":0.908591,"ta":0.3541228,"la":0.35254785,"ns":0.34625447,"di":0.5269346,"fo":1.1112015,"ho":0.33833113,"pe":0.3194401,"ec":0.318968,"pr":0.34490347,"no":1.4853777,"ct":0.32553422,"us":0.30357993,"ac":0.6589011,"ot":0.99133587,"il":0.705649,"tr":0.28457558,"ly":0.29389822,"nc":0.2778429,"et":1.0809603,"ut":0.27076253,"ss":0.27071172,"so":0.26580435,"rs":0.26900223,"un":0.2635862,"lo":0.50281334,"wa":0.2575207,"ge":0.2574221,"ie":0.25705913,"wh":0.2531476,"ee":0.25235364,"wi":0.2502253,"em":0.7796855,"ad":0.34686354,"ol":0.24425869,"rt":0.52628386,"po":0.24150565,"we":0.24118891,"na":0.2320571,"ul":0.23111781,"ni":0.22669566,"ts":0.22554334,"mo":0.5901987,"ow":0.3690568,"pa":0.21624343,"im":0.42467204,"mi":0.2123131,"ai":0.40280452,"sh":0.21067485,"ir":0.69689727,"su":0.51153916,"id":0.19748524,"os":0.45958912,"iv":0.3725054,"ia":0.19132252,"am":0.56814533,"fi":0.32602483,"ci":0.6550624,"vi":0.18013646,"pl":0.17575423,"ig":0.17039067,"tu":0.44111666,"ev":0.7218068,"ld":0.16881682,"ry":0.1707718,"mp":0.17050427,"fe":0.15810184,"bl":0.16045243,"ab":0.25127468,"gh":0.1522251,"ty":0.16303912,"op":0.39114538,"wo":0.14819838,"sa":0.14570102,"ay":0.15579851,"ex":0.15761128,"ke":0.14286111,"fr":0.16403355,"oo":0.1405162,"av":0.23050512,"ag":0.23577751,"if":0.13583632,"ap":0.35180533,"gr":0.1981852,"od":0.13061883,"bo":0.19519792,"sp":0.12781517,"rd":0.12652011,"do":0.25641623,"uc":0.12540798,"bu":0.18279642,"ei":0.379593,"ov":0.16653614,"by":0.12080693,"rm":0.11704131,"ep":0.43410283,"tt":0.11406764,"oc":0.1112085,"fa":0.109601036,"ef":0.2668557,"cu":0.23408288,"rn":0.10716927,"sc":0.10341899,"gi":0.27172935,"da":0.1009583,"yo":0.100179225,"cr":0.18100399,"cl":0.107484855,"du":0.16029991,"ga":0.098959886,"qu":0.098773345,"ue":0.0985611,"ff":0.09778335,"ba":0.09770843,"ey":0.15799564,"ls":0.13191849,"va":0.09354867,"um":0.092481084,"pp":0.09125341,"ua":0.091111496,"up":0.09089712,"lu":0.32146484,"go":0.15113737,"ht":2.4636135,"ru":0.44848034,"ug":0.085480615,"ds":0.08789432,"lt":0.14842023,"pi":0.082263775,"rc":0.081122674,"rr":0.08069257,"eg":0.33730808,"au":0.17066109,"ck":0.07875946,"ew":0.3192502,"mu":0.16908064,"br":0.09240721,"bi":0.13713513,"pt":0.07356417,"ak":0.081302084,"pu":0.16076133,"ui":0.06760075,"rg":0.06667858,"ib":0.06589629,"tl":0.065793574,"ny":0.07426925,"ki":0.06541215,"rk":0.06484804,"ys":0.06471299,"ob":0.064605094,"mm":0.06420291,"fu":0.076525144,"ph":0.06308084,"og":0.062836364,"ms":0.10561289,"ye":0.0619304,"ud":0.0610836,"mb":0.060317755,"ip":0.14188361,"ub":0.059198227,"oi":0.05864381,"rl":0.057650678,"gu":0.14280038,"dr":0.18362628,"hr":0.06649859,"cc":0.055561304,"tw":0.05942099,"ft":0.05835966,"wn":0.0527874,"nu":0.3161443,"af":0.15919375,"hu":0.049962208,"nn":0.048628636,"eo":0.074268915,"vo":0.04752092,"rv":0.04688748,"nf":0.044896875,"xp":0.044685088,"gn":0.6807663,"sm":0.043572497,"fl":0.07911452,"iz":0.05109634,"ok":0.042979572,"nl":0.04262678,"my":0.057381094,"gl":0.044592064,"aw":0.29756278,"ju":0.039575636,"oa":0.038417928,"eq":0.03827504,"sy":0.102702305,"sl":0.03734505,"ps":0.1642851,"jo":0.040609617,"lf":0.035738595,"nv":0.034858707,"je":0.034676403,"nk":0.034487925,"kn":0.068864495,"gs":0.03586174,"dy":0.038253993,"hy":0.03382254,"ze":0.03323627,"ks":0.05812444,"xt":0.031183224,"bs":0.035920236,"ik":0.09409072,"dd":0.028570792,"cy":0.03690297,"rp":0.027814602,"sk":0.026374249,"xi":0.026343256,"oe":0.025816869,"oy":0.124359176,"ws":0.023446709,"lv":0.023603052,"dl":0.1904298,"rf":0.021559631,"eu":0.11938047,"dg":0.022830999,"wr":0.02055768,"xa":0.019782377,"yi":0.01926022,"nm":0.018544978,"eb":0.018093267,"rb":0.017851777,"tm":0.01769597,"xc":0.01768306,"eh":2.0724413,"tc":0.017466873,"gy":0.019068317,"ja":0.017283231,"hn":0.024487637,"yp":0.01665024,"za":0.016643114,"gg":0.016543584,"ym":0.01582192,"sw":0.0391706,"bj":0.015571333,"lm":0.018463425,"cs":0.11867158,"ii":0.015225408,"ix":0.041067235,"xe":0.014565302,"oh":0.014271124,"lk":0.013175211,"dv":0.012932726,"lp":0.18847232,"ax":0.03237273,"ox":0.014217556,"uf":0.012385122,"dm":0.012596156,"iu":0.079235174,"sf":0.011471007,"bt":0.013131035,"ka":0.011331537,"yt":0.011149852,"ek":0.1538692,"pm":0.010663502,"ya":0.010536293,"gt":0.011609553,"wl":0.01017231,"rh":0.010099067,"yl":0.0098617375,"hs":0.22048828,"ah":0.62780553,"yc":0.009022428,"yn":0.008831034,"rw":0.029083423,"hm":0.008872632,"lw":0.01861888,"hl":0.00949698,"ae":0.46818537,"zi":0.008098089,"az":0.024575252,"lc":0.007900582,"py":0.024511956,"aj":0.025137512,"iq":0.007766538,"nj":0.007409037,"bb":0.0073065925,"nh":0.007273583,"uo":0.007121898,"kl":0.020239022,"lr":0.06436794,"tn":0.006690117,"gm":0.0074067763,"sn":0.006131622,"nr":0.113285385,"fy":0.006583817,"mn":0.02441938,"dw":0.007819566,"sb":0.005290447,"yr":0.0052071162,"dn":0.9087882,"sq":0.0049747885,"zo":0.004799074,"oj":0.0046619885,"yd":0.004556485,"lb":0.0044711237,"wt":0.0043716384,"lg":0.0040685222,"ko":0.047040217,"np":0.004828515,"sr":0.0040030815,"nq":0.004020473,"ky":0.004196437,"ln":0.04654959,"nw":0.05666154,"tf":0.0037833755,"fs":0.015153021,"cq":0.003685355,"dh":0.005543493,"sd":0.003514332,"vy":0.0033940652,"dj":0.0032577089,"hw":0.25633818,"xu":0.0031885072,"ao":0.0415096,"ml":0.0030785487,"uk":0.003076915,"uy":0.003939619,"ej":0.037714794,"ez":0.03625915,"hb":0.002933721,"nz":0.0030217748,"nb":0.0028977068,"mc":0.0028818871,"yb":0.0028731022,"tp":0.0028699895,"xh":0.0027877283,"ux":0.005818126,"tz":0.0027293335,"bv":0.0026280382,"mf":0.0025517992,"wd":0.0023646296,"oz":0.00711956,"yw":0.0022532996,"kh":0.0021286597,"gd":0.0021115048,"bm":0.062408898,"mr":0.11911709,"ku":0.005098973,"uv":0.0034281076,"dt":0.0028012185,"hd":0.001909014,"aa":0.001891249,"xx":0.001874029,"df":0.0021879799,"db":0.0018532191,"ji":0.0018463371,"kr":0.06666697,"xo":0.0018036106,"cm":0.004662927,"zz":0.0017779042,"nx":0.001789769,"yg":0.0017326315,"xy":0.0018216199,"kg":0.0017128462,"tb":0.0017004854,"dc":0.001683513,"bd":0.0035066572,"sg":0.00164935,"wy":0.00387374,"zy":0.0015755084,"aq":0.0016017952,"hf":0.0014991125,"cd":0.003174472,"vu":0.0014786108,"kw":0.00216897,"zu":0.0014385061,"bn":0.0042975624,"ih":0.0013975855,"tg":0.0013159706,"xv":0.0013053959,"uz":0.002715391,"bc":0.001683512,"xf":0.0012413434,"yz":0.002786602,"km":0.0012895014,"dp":0.0019590168,"lh":0.0010818042,"wf":0.0010743979,"kf":0.0010608658,"pf":0.00097228546,"cf":0.0013263002,"mt":0.018609393,"yu":0.00088729156,"cp":0.0016644099,"pb":0.0008746175,"td":0.0008660379,"zl":0.00084037735,"sv":0.00121513,"hc":0.0008208166,"mg":0.0008185762,"pw":0.0013040517,"gf":0.00080496003,"pd":0.0008010692,"pn":0.00079485355,"pc":0.00078585977,"rx":0.000803431,"tv":0.0009240631,"ij":0.002588771,"wm":0.0007283972,"uh":0.000713345,"wk":0.00071331137,"wb":0.0007093622,"bh":0.0036399742,"oq":0.000724126,"kt":0.0010005354,"rq":0.0006672557,"kb":0.00060216285,"cg":0.0007449528,"vr":0.00058545417,"cn":0.27841765,"pk":0.0005474898,"uu":0.0005215944,"yf":0.00050357525,"wp":0.00049731595,"cz":0.0005380812,"kp":0.0010331952,"dq":0.0004846422,"wu":0.00046458695,"fm":0.003010203,"wc":0.00045052244,"md":0.00044864445,"kd":0.00044783243,"zh":0.00044517673,"gw":0.00049802987,"rz":0.0005525663,"cb":0.0004207459,"iw":0.25064275,"xl":0.00039648326,